prerequisite,concept
ada-boost,boosting_as_optimization
agglomerative-clustering,dirichlet_diffusion_trees
asymptotic_complexity,np_complexity_class
axiom_of_choice,defining_the_cardinals
axiom_of_choice,zorns_lemma
backpropagation,backpropagation_second_order
backpropagation,early_stopping
backpropagation,learning_invariances_in_neural_nets
backpropagation,recurrent_neural_networks
backpropagation,tangent_propagation
backpropagation,unsupervised_pre_training
backpropagation,weight_decay_neural_networks
bagging,random_forests
bases,change_of_basis
bases,diagonalization
bases,four_fundamental_subspaces
bases,orthonormal_bases
bases,projection_onto_a_subspace
bases,zorns_lemma
basis-function-expansions,feed_forward_neural_nets
basis-function-expansions,kernel_trick
basis_function_expansions,boosting_as_optimization
bayes-net-parameter-learning,bayesian_estimation_bayes_net_params
bayes-net-parameter-learning,learning_bayes_nets_missing_data
bayes-net-structure-learning,chow_liu_trees
bayes-param-multivariate-gaussian,bayesian_pca
bayes-param-multivariate-gaussian,variational_mixture_of_gaussians
bayes-rule,bayesian_model_comparison
bayes-rule,bayesian_parameter_estimation
bayes_param_multivariate_gaussian,bayesian_linear_regression
bayes_rule,bayesian_networks
bayesian-decision-theory,bayesian_logistic_regression
bayesian-estimation-bayes-net-params,bayes_net_structure_learning
bayesian-linear-regression,bayesian_logistic_regression
bayesian-linear-regression,bayesian_pca
bayesian-linear-regression,gaussian_process_regression
bayesian-linear-regression,variational_linear_regression
bayesian-logistic-regression,gaussian_process_classification
bayesian-logistic-regression,variational_logistic_regression
bayesian-model-averaging,reversible_jump_mcmc
bayesian-model-comparison,bayes_net_structure_learning
bayesian-model-comparison,bayesian_model_averaging
bayesian-model-comparison,evidence_approximation
bayesian-model-comparison,laplace_approximation
bayesian-model-comparison,learning_gp_hyperparameters
bayesian-model-comparison,variational_bayes
bayesian-networks,bayes_net_parameter_learning
bayesian-networks,converting_between_graphical_models
bayesian-networks,d_separation
bayesian-networks,linear_gaussian_models
bayesian-parameter-estimation,bayes_param_exp_fam
bayesian-parameter-estimation,bayes_param_multivariate_gaussian
bayesian-parameter-estimation,bayesian_decision_theory
bayesian-parameter-estimation,bayesian_estimation_bayes_net_params
bayesian-parameter-estimation,bayesian_linear_regression
bayesian-parameter-estimation,bayesian_model_comparison
bayesian-parameter-estimation,bayesian_parameter_estimation_gaussian
bayesian-parameter-estimation,bayesian_parameter_estimation_multinomial
bayesian-parameter-estimation,crp_clustering
bayesian-parameter-estimation,laplace_approximation
bayesian-parameter-estimation,probabilistic_matrix_factorization
bayesian-parameter-estimation,uninformative_priors
bayesian-parameter-estimation,variational_bayes
bayesian-parameter-estimation-multinomial,latent_dirichlet_allocation
bayesian_model_comparison,bayesian_information_criterion
bayesian_networks,deep_belief_networks
bayesian_networks,hidden_markov_models
bayesian_networks,variable_elimination
bayesian_parameter_estimation,bayesian_logistic_regression
bayesian_parameter_estimation,jeffreys_prior
bayesian_parameter_estimation,map_parameter_estimation
bayesian_parameter_estimation_multinomial,bayesian_naive_bayes
bayesian_parameter_estimation_multinomial,variational_mixture_of_gaussians
bellman_equations,policy_iteration
bellman_equations,value_iteration
beta-distribution,bayesian_parameter_estimation
beta-distribution,dirichlet_distribution
beta-distribution,indian_buffet_process
binary-linear-classifiers,gaussian_discriminant_analysis
binary-linear-classifiers,logistic_regression
binary-linear-classifiers,naive_bayes
binary-linear-classifiers,perceptron
binary-linear-classifiers,support_vector_machine
binary_linear_classifiers,probit_regression
binary_linear_classifiers,vc_dimension
binomial-distribution,exponential_families
binomial-distribution,multinomial_distribution
binomial-distribution,poisson_distribution
boolean_algebras,ultrafilters
cardinality,defining_the_cardinals
cardinality,lowenheim_skolem_theorems
central_limit_theorem,annealed_importance_sampling
chain_rule,backpropagation
chain_rule,pullback
change-of-basis,spectral_decomposition
chernoff_bounds,pac_learning
chi_squared_distribution,student_t_distribution
chinese-restaurant-franchise,hierarchical_dirichlet_process
chinese-restaurant-process,crp_clustering
chinese-restaurant-process,dirichlet_process
chinese-restaurant-process,indian_buffet_process
chinese-restaurant-process,pitman_yor_process
cholesky-decomposition,gaussian_variable_elimination_as_gaussian_elimination
church_turing_thesis,godels_incompleteness_theorems
collapsed-gibbs-sampling,crp_clustering
collapsed-gibbs-sampling,ibp_linear_gaussian_model
column_space_and_nullspace,computing_the_nullspace
column_space_and_nullspace,eigenvalues_and_eigenvectors
column_space_and_nullspace,four_fundamental_subspaces
column_space_and_nullspace,solution_sets_of_linear_systems
compactness_of_first_order_logic,lowenheim_skolem_theorems
completeness_of_first_order_logic,compactness_of_first_order_logic
completeness_of_first_order_logic,lowenheim_skolem_theorems
complex_numbers,complex_vectors_and_matrices
complex_numbers,eigenvalues_and_eigenvectors
complex_numbers,eulers_formula
complex_numbers,roots_of_polynomials
complex_vectors_and_matrices,unitary_matrices
computations-on-multivariate-gaussians,bayes_param_multivariate_gaussian
computations-on-multivariate-gaussians,bayesian_linear_regression
computations-on-multivariate-gaussians,factor_analysis
computations-on-multivariate-gaussians,gaussian_bp_on_trees
computations-on-multivariate-gaussians,gaussian_variable_elimination
computations-on-multivariate-gaussians,kalman_filter
computations-on-multivariate-gaussians,probabilistic_matrix_factorization
computations-on-multivariate-gaussians,probabilistic_pca
computations_on_multivariate_gaussians,kalman_filter_derivation
conditional-distributions,bayesian_parameter_estimation
conditional-distributions,conditional_expectation
conditional-distributions,markov_chains
conditional-distributions,von_mises_distribution
conditional-independence,d_separation
conditional-independence,markov_random_fields
conditional-probability,bayes_rule
conditional-probability,conditional_distributions
conditional_distributions,computations_on_multivariate_gaussians
conditional_distributions,entropy
conditional_distributions,factor_analysis
conditional_distributions,gibbs_sampling
conditional_distributions,hidden_markov_models
conditional_distributions,importance_sampling
conditional_distributions,kalman_filter
conditional_distributions,linear_dynamical_systems
conditional_distributions,markov_chain_monte_carlo
conditional_distributions,markov_models
conditional_distributions,mutual_information
conditional_distributions,particle_filter
conditional_distributions,rejection_sampling
conditional_distributions,sufficient_statistics
conditional_independence,bayesian_networks
conditional_independence,forward_backward_algorithm
conditional_independence,hidden_markov_models
conditional_independence,linear_dynamical_systems
conditional_independence,markov_chains
conditional_independence,markov_models
conditional_probability,conditional_independence
conditional_probability,independent_events
conditional_probability,markov_decision_process
conditional_probability,markov_random_fields
confidence_intervals,asymptotics_of_maximum_likelihood
confidence_intervals,bootstrap
conservative_vector_fields,greens_theorem
constructing-kernels,fisher_kernel
constructing_the_integers,constructing_the_rationals
convex-duality,variational_inference_convex_duality
convex-optimization,support_vector_machine
convex_functions,convex_optimization
convex_functions,jensens_inequality
convex_optimization,kkt_conditions
convex_optimization,lagrange_duality
convex_sets,convex_functions
convex_sets,convex_optimization
convolution,convolutional_nets
coordinate-descent,sequential_minimal_optimization
countable_sets,boolean_algebras
countable_sets,cardinality
countable_sets,compactness_of_propositional_logic
countable_sets,completeness_of_first_order_logic
countable_sets,decidability
countable_sets,lowenheim_skolem_theorems
countable_sets,ultraproduct
covariance,covariance_matrices
covariance,cramer_rao_bound
covariance,mcmc_convergence
covariance,multivariate_gaussian_distribution
covariance-matrices,fisher_information_matrix
covariance-matrices,multivariate_gaussian_distribution
covariance-matrices,principal_component_analysis
covariance_matrices,computations_on_multivariate_gaussians
covariance_matrices,fishers_linear_discriminant
covariance_matrices,gaussian_discriminant_analysis
cross_product,parameterizing_lines_and_planes
cross_product,surface_integrals
crp-clustering,chinese_restaurant_franchise
crp-clustering,ibp_linear_gaussian_model
cumulative-distribution-function,probit_function
cumulative_distribution_function,exponential_distribution
cumulative_distribution_function,multivariate_cdf
cumulative_distribution_function,statistical_hypothesis_testing
cumulative_distribution_function,transformation_method
d-separation,bayes_ball
d-separation,converting_between_graphical_models
decidability,church_turing_thesis
decidability,godels_incompleteness_theorems
decision-trees,bagging
decision_trees,random_forests
deep_belief_networks,unsupervised_pre_training
determinant,cramers_rule
determinant,determinant_and_volume
determinant,differential_forms
determinant,eigenvalues_and_eigenvectors
determinant,eval_multi_int_change_of_variables
determinant,independent_component_analysis
determinant,multivariate_gaussian_distribution
determinant,pdfs_of_functions_of_random_variables
determinant,stokes_theorem_three_dimensions
determinant,wishart_distribution
diagonalization,solving_difference_equations_with_matrices
differential_forms,exterior_derivative
differential_forms,pullback
dirichlet-distribution,chinese_restaurant_process
dirichlet-distribution,dirichlet_process
dirichlet-process,beta_process
dirichlet-process,dirichlet_diffusion_trees
dirichlet-process,hierarchical_dirichlet_process
dot-product,matrix_multiplication
dot_product,ANNOTATED_EXAMPLE
dot_product,complex_vectors_and_matrices
dot_product,convex_sets
dot_product,cross_product
dot_product,gaussian_discriminant_analysis
dot_product,gradient
dot_product,inner_product
dot_product,linear_approximation
dot_product,linear_transformations_as_matrices
dot_product,orthogonal_subspaces
dot_product,orthonormal_bases
dot_product,parameterizing_lines_and_planes
dot_product,surface_integrals
eigenvalues_and_eigenvectors,diagonalization
eigenvalues_and_eigenvectors,fishers_linear_discriminant
eigenvalues_and_eigenvectors,multiplicity_of_eigenvalues
eigenvalues_and_eigenvectors,positive_definite_matrices
eigenvalues_and_eigenvectors,spectral_decomposition
eigenvalues_and_eigenvectors,unitary_matrices
eigenvalues_and_eigenvectors,variational_characterization_of_eigenvalues
em_variational_interpretation,variational_bayes_em
entropy,differential_entropy
entropy,kl_divergence
entropy,mutual_information
entropy,variational_inference
equivalence_relations,cardinality
equivalence_relations,constructing_the_integers
equivalence_relations,constructing_the_rationals
equivalence_relations,natural_numbers_as_sets
equivalence_relations,order_relations
equivalence_relations,ultraproduct
eval-multi-int-polar-coordinates,eval_multi_int_change_of_variables
eval_multi_int_change_of_variables,pullback
evidence-approximation,bayesian_logistic_regression
evidence-approximation,bayesian_pca
exchangeability,crp_clustering
expectation-maximization,baum_welch_algorithm
expectation-maximization,em_for_pca
expectation-maximization,em_variational_interpretation
expectation-maximization,factor_analysis
expectation-maximization,learning_bayes_nets_missing_data
expectation_and_variance,bayesian_decision_theory
expectation_and_variance,bayesian_parameter_estimation
expectation_and_variance,beta_distribution
expectation_and_variance,binomial_distribution
expectation_and_variance,bootstrap
expectation_and_variance,central_limit_theorem
expectation_and_variance,comparing_normal_populations
expectation_and_variance,conditional_expectation
expectation_and_variance,covariance
expectation_and_variance,differential_entropy
expectation_and_variance,entropy
expectation_and_variance,expectimax_search
expectation_and_variance,exponential_families
expectation_and_variance,fisher_information
expectation_and_variance,gamma_distribution
expectation_and_variance,gaussian_distribution
expectation_and_variance,heavy_tailed_distributions
expectation_and_variance,jensens_inequality
expectation_and_variance,kl_divergence
expectation_and_variance,markov_and_chebyshev_inequalities
expectation_and_variance,markov_decision_process
expectation_and_variance,method_of_moments
expectation_and_variance,moment_generating_functions
expectation_and_variance,monte_carlo_estimation
expectation_and_variance,random_forests
expectation_and_variance,sequential_monte_carlo
expectation_and_variance,strong_law_of_large_numbers
expectation_and_variance,weak_law_of_large_numbers
expectation_and_variance,wishart_distribution
expectation_maximization,gaussian_mixtures_vs_k_means
expectation_maximization,learning_linear_dynamical_systems
expectation_maximization,variational_bayes_em
expectimax,value_iteration
exponential-families,bayes_param_exp_fam
exponential-families,expectation_propagation
exponential-families,generalized_linear_models
exponential-families,maximum_likelihood_in_exponential_families
exponential-families,variational_exponential_family
exponential_distribution,adaptive_rejection_sampling
exterior_derivative,pullback
factor-analysis,ibp_linear_gaussian_model
factor-graphs,max_product_on_trees
factor-graphs,sum_product_on_trees
feed-forward-neural-nets,backpropagation
feed_forward_neural_nets,unsupervised_pre_training
feed_forward_neural_networks,recurrent_neural_networks
fields,constructing_the_rationals
fields,constructing_the_reals
first_order_logic,completeness_of_first_order_logic
first_order_logic,first_order_resolution
first_order_logic,first_order_unification
first_order_logic,godel_numbering
first_order_logic,peano_axioms
first_order_logic,proofs_in_first_order_logic
first_order_logic,reasoning_with_horn_clauses
first_order_logic,representability_in_arithmetic
first_order_logic,russells_paradox
first_order_logic,semantics_of_first_order_logic
first_order_logic,zermelo_frankl_axioms
first_order_unification,first_order_resolution
first_order_unification,reasoning_with_horn_clauses
fisher-information,asymptotics_of_maximum_likelihood
fisher-information,fisher_information_matrix
fisher-information-matrix,fisher_kernel
fisher_information,cramer_rao_bound
fisher_information,jeffreys_prior
forward-backward-algorithm,baum_welch_algorithm
forward-backward-algorithm,hmm_inference_as_bp
forward_backward_algorithm,kalman_as_forward_backward
forward_backward_algorithm,viterbi_algorithm
four_fundamental_subspaces,linear_least_squares
four_fundamental_subspaces,orthogonal_subspaces
four_fundamental_subspaces,singular_value_decomposition
functions_and_relations_as_sets,defining_the_cardinals
functions_and_relations_as_sets,representability_in_arithmetic
functions_and_relations_as_sets,zorns_lemma
functions_of_several_variables,bellman_equations
functions_of_several_variables,gradient
functions_of_several_variables,gradient_descent
functions_of_several_variables,limits_and_continuity_in_rn
functions_of_several_variables,line_integrals
functions_of_several_variables,multiple_integrals
functions_of_several_variables,partial_derivatives
functions_of_several_variables,vector_fields
gamma-distribution,bayesian_parameter_estimation_gaussian
gamma-distribution,uninformative_priors
gamma-distribution,wishart_distribution
gamma-function,beta_distribution
gamma-function,chinese_restaurant_process
gamma-function,dirichlet_distribution
gamma-function,gamma_distribution
gamma-function,indian_buffet_process
gamma_function,bayes_net_structure_learning
gaussian-discriminant-analysis,fishers_linear_discriminant
gaussian-discriminant-analysis,generative_vs_discriminative
gaussian-distribution,bayesian_parameter_estimation_gaussian
gaussian-distribution,central_limit_theorem
gaussian-distribution,exponential_families
gaussian-distribution,heavy_tailed_distributions
gaussian-distribution,maximum_likelihood
gaussian-distribution,multivariate_gaussian_distribution
gaussian-distribution,probit_function
gaussian-distribution,student_t_distribution
gaussian-distribution,uninformative_priors
gaussian-elimination,gaussian_variable_elimination_as_gaussian_elimination
gaussian-elimination,lu_factorization
gaussian-mrfs,gaussian_bp_on_trees
gaussian-mrfs,gaussian_variable_elimination
gaussian-process-classification,gp_classification_laplace
gaussian-process-regression,gaussian_process_classification
gaussian-process-regression,learning_gp_hyperparameters
gaussian-processes,gaussian_process_regression
gaussian-variable-elimination,gaussian_variable_elimination_as_gaussian_elimination
gaussian_distribution,asymptotics_of_maximum_likelihood
gaussian_distribution,comparing_normal_populations
gaussian_distribution,differential_entropy
gaussian_distribution,sampling_gaussian
gaussian_distribution,statistical_hypothesis_testing
gaussian_elimination,computing_matrix_inverses
gaussian_elimination,computing_the_nullspace
gaussian_elimination,determinant
gaussian_elimination,four_fundamental_subspaces
generalization,akaike_information_criterion
generalization,bagging
generalization,bayes_net_structure_learning
generalization,bias_variance_decomposition
generalization,early_stopping
generalization,generative_vs_discriminative
generalization,learning_invariances_in_neural_nets
generalization,pac_learning
generalization,random_forests
generalization,regularization
generalization,ridge_regression
generalized-eigenvalue-problems,fishers_linear_discriminant
gibbs-sampling,collapsed_gibbs_sampling
gibbs-sampling,gibbs_as_mh
gibbs-sampling,probabilistic_matrix_factorization
gibbs-sampling,slice_sampling
gibbs_sampling,boltzmann_machines
gibbs_sampling,restricted_boltzmann_machines
gibbs_sampling,swedsen_wang
godel_numbering,godels_incompleteness_theorems
godel_numbering,lobs_theorem
godel_numbering,undefinability_of_truth
godels_incompleteness_theorems,incompleteness_of_set_theory
godels_incompleteness_theorems,lobs_theorem
gradient,boltzmann_machines
gradient,conservative_vector_fields
gradient,convex_functions
gradient,convex_optimization
gradient,gradient_descent
gradient,kkt_conditions
gradient,lagrange_multipliers
gradient-descent,hamiltonian_monte_carlo
gradient-descent,stochastic_gradient_descent
gradient_descent,generalized_linear_models
gradient_descent,multinomial_logistic_regression
gradient_descent,probit_regression
greens_theorem,stokes_theorem_three_dimensions
heavy_tailed_distributions,independent_component_analysis
heavy_tailed_distributions,sparse_coding
hidden-markov-models,baum_welch_algorithm
hidden-markov-models,forward_backward_algorithm
hidden-markov-models,viterbi_algorithm
hidden_markov_models,particle_filter
higher-order-partial-derivatives,taylor_approximations
higher_order_partial_derivatives,convex_functions
higher_order_partial_derivatives,multivariate_cdf
higher_order_partial_derivatives,second_derivative_test
hopfield_networks,boltzmann_machines
importance-sampling,annealed_importance_sampling
importance_sampling,particle_filter
importance_sampling,sequential_monte_carlo
independent-random-variables,covariance
independent-random-variables,moment_generating_functions
independent-random-variables,mutual_information
independent_events,binomial_distribution
independent_events,conditional_independence
independent_events,independent_random_variables
independent_events,k_nearest_neighbors
independent_events,pac_learning
independent_random_variables,central_limit_theorem
independent_random_variables,chernoff_bounds
independent_random_variables,entropy
independent_random_variables,maximum_likelihood
independent_random_variables,mean_field
independent_random_variables,strong_law_of_large_numbers
independent_random_variables,weak_law_of_large_numbers
indian-buffet-process,beta_process
indian-buffet-process,ibp_linear_gaussian_model
inference-in-mrfs,max_product_on_trees
inference-in-mrfs,mrf_parameter_learning
inference-in-mrfs,sum_product_on_trees
inference_in_mrfs,annealed_importance_sampling
inference_in_mrfs,complexity_of_inference
inference_in_mrfs,learning_bayes_nets_missing_data
inference_in_mrfs,structured_mean_field
interpretations_between_theories,incompleteness_of_set_theory
jacobian,reversible_jump_mcmc
jensens_inequality,em_variational_interpretation
k-means,gaussian_mixtures_vs_k_means
k_means,k_means_pp
k_nearest_neighbors,curse_of_dimensionality
kalman_filter,kalman_filter_derivation
kalman_filter,kalman_smoother
kalman_smoother,kalman_as_forward_backward
kalman_smoother,learning_linear_dynamical_systems
kernel-trick,constructing_kernels
kernel-trick,gaussian_processes
kernel-trick,kernel_pca
kernel-trick,kernel_ridge_regression
kernel-trick,kernel_svm
kkt_conditions,svm_optimality_conditions
kl-divergence,akaike_information_criterion
kl-divergence,em_variational_interpretation
kl-divergence,variational_inference
kl_divergence,differential_entropy
kruskals-algorithm,agglomerative_clustering
lagrange-multipliers,loopy_bp_as_variational
lagrange-multipliers,nonnegative_matrix_factorization
lagrange-multipliers,variational_characterization_of_eigenvalues
lagrange-multipliers,variational_inference
lagrange_duality,kkt_conditions
lagrange_duality,svm_optimality_conditions
lagrange_multipliers,lagrange_duality
lagrange_multipliers,mean_field
laplace-approximation,bayesian_logistic_regression
laplace-approximation,gp_classification_laplace
laplace_approximation,bayesian_information_criterion
laplace_approximation,bayesian_pca
lasso,regularization
latent-dirichlet-allocation,chinese_restaurant_franchise
latent-semantic-analysis,probabilistic_lsa
learning-gp-hyperparameters,gp_classification_laplace
learning-invariances-in-neural-nets,convolutional_nets
learning-invariances-in-neural-nets,tangent_propagation
learning-invariances-in-neural-nets,tikhonov_regularization
limits_and_continuity_in_rn,linear_approximation
line_integrals,conservative_vector_fields
line_integrals,greens_theorem
line_integrals,stokes_theorem_three_dimensions
linear-least-squares,linear_regression_closed_form
linear-regression,basis_function_expansions
linear-regression,binary_linear_classifiers
linear-regression,generalization
linear-regression,lasso
linear-regression,linear_regression_as_maximum_likelihood
linear-regression,ridge_regression
linear-regression,support_vector_regression
linear-regression-as-maximum-likelihood,linear_regression_multiple_outputs
linear-regression-as-maximum-likelihood,logistic_regression
linear-regression_as_maximum_likelihood,generalized_linear_models
linear_approximation,chain_rule
linear_approximation,convex_functions
linear_approximation,eval_multi_int_change_of_variables
linear_approximation,gradient
linear_approximation,higher_order_partial_derivatives
linear_approximation,pdfs_of_functions_of_random_variables
linear_dynamical_systems,kalman_filter
linear_dynamical_systems,learning_linear_dynamical_systems
linear_regression,bias_variance_decomposition
linear_regression,linear_regression_closed_form
linear_regression_as_maximum_likelihood,bayesian_linear_regression
linear_regression_closed_form,bias_variance_decomposition
linear_regression_closed_form,linear_regression_multiple_outputs
linear_regression_closed_form,logistic_regression_irls
linear_systems_as_matrices,column_space_and_nullspace
linear_systems_as_matrices,cramers_rule
linear_systems_as_matrices,eigenvalues_and_eigenvectors
linear_systems_as_matrices,gaussian_elimination
linear_systems_as_matrices,linear_least_squares
linear_systems_as_matrices,matrix_inverse
linear_systems_as_matrices,parameterizing_lines_and_planes
linear_systems_as_matrices,solution_sets_of_linear_systems
linear_transformations_as_matrices,change_of_basis
logistic-regression,bayesian_logistic_regression
logistic-regression,generative_vs_discriminative
logistic-regression,logistic_regression_irls
logistic-regression,multinomial_logistic_regression
logistic-regression,probit_regression
logistic-regression,svm_vs_logistic_regression
logistic-regression-irls,gp_classification_laplace
loopy-belief-propagation,expectation_propagation
loopy-belief-propagation,loopy_bp_as_variational
loss_function,bayesian_decision_theory
loss_function,cross_validation
lu-factorization,cholesky_decomposition
map_parameter_estimation,laplace_approximation
markov-chain-monte-carlo,annealed_importance_sampling
markov-chain-monte-carlo,gibbs_sampling
markov-chain-monte-carlo,metropolis_hastings
markov-chains,markov_chain_monte_carlo
markov-random-fields,converting_between_graphical_models
markov-random-fields,factor_graphs
markov-random-fields,gaussian_mrfs
markov-random-fields,gibbs_sampling
markov-random-fields,inference_in_mrfs
markov_and_chebyshev_inequalities,chernoff_bounds
markov_and_chebyshev_inequalities,weak_law_of_large_numbers
markov_chain_monte_carlo,mcmc_convergence
markov_chain_monte_carlo,sequential_monte_carlo
markov_chains,hidden_markov_models
markov_chains,markov_models
markov_decision_process,value_iteration
markov_random_fields,chow_liu_trees
markov_random_fields,conditional_random_fields
markov_random_fields,deep_belief_networks
markov_random_fields,log_linear_mrfs
markov_random_fields,mrf_parameter_learning
markov_random_fields,restricted_boltzmann_machines
markov_random_fields,swedsen_wang
markov_random_fields,variable_elimination
mathematical_induction,peano_axioms
mathematical_induction,well_orderings
matrix_inverse,backpropagation_second_order
matrix_inverse,change_of_basis
matrix_inverse,computations_on_multivariate_gaussians
matrix_inverse,computing_matrix_inverses
matrix_inverse,cramers_rule
matrix_inverse,determinant
matrix_inverse,diagonalization
matrix_inverse,lu_factorization
matrix_inverse,multivariate_gaussian_distribution
matrix_inverse,orthonormal_bases
matrix_inverse,positive_definite_matrices
matrix_inverse,projection_onto_a_subspace
matrix_inverse,spectral_decomposition
matrix_inverse,wishart_distribution
matrix_multiplication,chain_rule
matrix_multiplication,change_of_basis
matrix_multiplication,determinant
matrix_multiplication,diagonalization
matrix_multiplication,eigenvalues_and_eigenvectors
matrix_multiplication,hidden_markov_models
matrix_multiplication,linear_regression
matrix_multiplication,lu_factorization
matrix_multiplication,markov_chains
matrix_multiplication,markov_models
matrix_multiplication,matrix_inverse
matrix_multiplication,matrix_transpose
matrix_multiplication,orthonormal_bases
matrix_multiplication,positive_definite_matrices
matrix_multiplication,singular_value_decomposition
matrix_multiplication,sparse_coding
matrix_transpose,complex_vectors_and_matrices
matrix_transpose,determinant
matrix_transpose,four_fundamental_subspaces
matrix_transpose,linear_least_squares
matrix_transpose,lu_factorization
matrix_transpose,orthonormal_bases
matrix_transpose,positive_definite_matrices
matrix_transpose,projection_onto_a_subspace
matrix_transpose,singular_value_decomposition
matrix_transpose,spectral_decomposition
matrix_transpose,taylor_approximations
max-product-on-trees,gaussian_bp_on_trees
max-product-on-trees,hmm_inference_as_bp
max-product-on-trees,loopy_belief_propagation
maximum-likelihood,akaike_information_criterion
maximum-likelihood,asymptotics_of_maximum_likelihood
maximum-likelihood,bayes_net_parameter_learning
maximum-likelihood,expectation_maximization
maximum-likelihood,fisher_information
maximum-likelihood,gaussian_discriminant_analysis
maximum-likelihood,linear_regression_as_maximum_likelihood
maximum-likelihood,maximum_likelihood_in_exponential_families
maximum-likelihood,maximum_likelihood_multivariate_gaussians
maximum-likelihood,naive_bayes
maximum-likelihood,probabilistic_lsa
maximum-likelihood,probabilistic_pca
maximum-likelihood,von_mises_distribution
maximum_likelihood,boltzmann_machines
maximum_likelihood,em_variational_interpretation
maximum_likelihood,generalized_linear_models
maximum_likelihood,independent_component_analysis
maximum_likelihood,learning_bayes_nets_missing_data
maximum_likelihood,mrf_parameter_learning
maximum_likelihood,multinomial_logistic_regression
maximum_likelihood,sparse_coding
maximum_likelihood_multivariate_gaussians,em_for_pca
maximum_likelihood_multivariate_gaussians,expectation_maximization
maximum_likelihood_multivariate_gaussians,factor_analysis
maximum_likelihood_multivariate_gaussians,learning_linear_dynamical_systems
mcmc-convergence,collapsed_gibbs_sampling
mean-field,variational_bayes
mean-field,variational_exponential_family
mean_field,structured_mean_field
metropolis-hastings,gibbs_as_mh
metropolis-hastings,hamiltonian_monte_carlo
metropolis-hastings,reversible_jump_mcmc
metropolis-hastings,slice_sampling
mixture-of-gaussians,crp_clustering
mixture-of-gaussians,gaussian_discriminant_analysis
mixture-of-gaussians,gaussian_mixtures_vs_k_means
mixture-of-gaussians,soft_weight_sharing_neural_nets
mixture-of-gaussians,variational_mixture_of_gaussians
mixture_of_gaussians,expectation_maximization
moment-generating-functions,chernoff_bounds
moment_generating_functions,central_limit_theorem
monte_carlo_estimation,bootstrap
monte_carlo_estimation,importance_sampling
monte_carlo_estimation,markov_chain_monte_carlo
monte_carlo_estimation,particle_filter
monte_carlo_estimation,rejection_sampling
monte_carlo_estimation,transformation_method
mrf_parameter_learning,restricted_boltzmann_machines
multidimensional-scaling,isomap
multinomial-coefficients,multinomial_distribution
multinomial-distribution,bayesian_parameter_estimation_multinomial
multinomial-distribution,chinese_restaurant_process
multinomial-distribution,dirichlet_distribution
multiple-integrals,eval_multi_int_polar_coordinates
multiple_integrals,divergence_theorem
multiple_integrals,greens_theorem
multiple_integrals,multivariate_cdf
multiple_integrals,multivariate_distributions
multiple_integrals,riemann_integral
multiple_integrals,surface_integrals
multivariate-gaussian-distribution,computations_on_multivariate_gaussians
multivariate-gaussian-distribution,gaussian_processes
multivariate-gaussian-distribution,linear_gaussian_models
multivariate-gaussian-distribution,maximum_likelihood_multivariate_gaussians
multivariate-gaussian-distribution,multivariate_gaussians_information_form
multivariate-gaussian-distribution,nonparametric_density_estimation
multivariate-gaussian-distribution,sampling_gaussian
multivariate-gaussian-distribution,von_mises_distribution
multivariate-gaussians-information-form,bayes_param_multivariate_gaussian
multivariate-gaussians-information-form,gaussian_mrfs
multivariate_distributions,bayesian_parameter_estimation
multivariate_distributions,collapsed_gibbs_sampling
multivariate_distributions,computations_on_multivariate_gaussians
multivariate_distributions,conditional_distributions
multivariate_distributions,covariance
multivariate_distributions,factor_analysis
multivariate_distributions,forward_backward_algorithm
multivariate_distributions,independent_random_variables
multivariate_distributions,kalman_filter
multivariate_distributions,pdfs_of_functions_of_random_variables
multivariate_distributions,variational_inference
multivariate_gaussian_distribution,independent_component_analysis
multivariate_gaussian_distribution,laplace_approximation
multivariate_gaussian_distribution,linear_dynamical_systems
multivariate_gaussian_distribution,metropolis_hastings
multivariate_gaussian_distribution,mixture_of_gaussians
mutual_information,differential_entropy
naive-bayes,generative_vs_discriminative
naive-bayes,mixture_of_bernoullis
naive_bayes,bayesian_naive_bayes
natural_numbers_as_sets,cardinality
natural_numbers_as_sets,incompleteness_of_set_theory
natural_numbers_as_sets,ordinal_numbers
natural_numbers_as_sets,well_orderings
natural_numbers_as_sets,zermelo_frankl_axioms
newton-rhapson,backpropagation_second_order
newton-rhapson,logistic_regression_irls
nondeterministic_turing_machines,np_completeness
nondeterministic_turing_machines,np_complexity_class
np_completeness,complexity_of_inference
np_complexity_class,np_completeness
optimization-problems,evidence_approximation
optimization-problems,lagrange_multipliers
optimization-problems,lasso
optimization-problems,regularization
optimization_problems,bayes_net_parameter_learning
optimization_problems,bellman_equations
optimization_problems,boosting_as_optimization
optimization_problems,convex_optimization
optimization_problems,em_variational_interpretation
optimization_problems,entropy
optimization_problems,fishers_linear_discriminant
optimization_problems,generalized_linear_models
optimization_problems,independent_component_analysis
optimization_problems,logistic_regression
optimization_problems,map_parameter_estimation
optimization_problems,maximum_likelihood
optimization_problems,maximum_likelihood_in_exponential_families
optimization_problems,maximum_likelihood_multivariate_gaussians
optimization_problems,mrf_parameter_learning
optimization_problems,multidimensional_scaling
optimization_problems,multinomial_logistic_regression
optimization_problems,naive_bayes
optimization_problems,probabilistic_lsa
optimization_problems,probabilistic_pca
optimization_problems,second_derivative_test
optimization_problems,sparse_coding
order_relations,boolean_algebras
order_relations,cardinality
order_relations,constructing_the_integers
order_relations,constructing_the_rationals
order_relations,constructing_the_reals
order_relations,natural_numbers_as_sets
order_relations,well_orderings
order_relations,zorns_lemma
ordinal_numbers,defining_the_cardinals
orthogonal_subspaces,projection_onto_a_subspace
orthonormal_bases,independent_component_analysis
orthonormal_bases,qr_decomposition
orthonormal_bases,singular_value_decomposition
orthonormal_bases,spectral_decomposition
orthonormal_bases,unitary_matrices
parameterizing-lines-and-planes,parametric_surfaces
parametric-curves,parametric_surfaces
partial-derivatives,higher_order_partial_derivatives
partial_derivatives,chain_rule
partial_derivatives,cramer_rao_bound
partial_derivatives,divergence_theorem
partial_derivatives,exterior_derivative
partial_derivatives,gradient
partial_derivatives,lagrange_multipliers
partial_derivatives,linear_approximation
partial_derivatives,linear_least_squares
partial_derivatives,optimization_problems
partial_derivatives,surface_integrals
particle_filter,sequential_monte_carlo
pca_proof,probabilistic_pca
pdfs_of_functions_of_random_variables,reversible_jump_mcmc
peano_axioms,lowenheim_skolem_theorems
peano_axioms,natural_numbers_as_sets
poisson-distribution,indian_buffet_process
positive-definite-matrices,cholesky_decomposition
positive-definite-matrices,covariance_matrices
positive-definite-matrices,fisher_information_matrix
positive-definite-matrices,kernel_trick
positive-definite-matrices,schur_product_theorem
positive-definite-matrices,singular_value_decomposition
positive-definite-matrices,wishart_distribution
positive_definite_matrices,ANNOTATED_EXAMPLE
positive_definite_matrices,convex_functions
positive_definite_matrices,second_derivative_test
precision_recall,f_measure
principal-component-analysis,kernel_pca
principal-component-analysis,nonnegative_matrix_factorization
principal-component-analysis,probabilistic_pca
principal_component_analysis,independent_component_analysis
principal_component_analysis,pca_proof
probabilistic-lsa,latent_dirichlet_allocation
probabilistic-pca,bayesian_pca
probabilistic-pca,em_for_pca
probabilistic-pca,probabilistic_matrix_factorization
probability,computing_probabilities_by_counting
probability,conditional_probability
probability,expectimax_search
probability,independent_events
probability,k_means_pp
probability,random_variables
probability,statistical_hypothesis_testing
probability,unions_of_events
probit-function,probit_regression
probit_regression,bayesian_logistic_regression
projection_onto_a_subspace,fishers_linear_discriminant
projection_onto_a_subspace,linear_least_squares
projection_onto_a_subspace,orthonormal_bases
proofs_in_first_order_logic,completeness_of_first_order_logic
proofs_in_first_order_logic,godel_numbering
proofs_in_first_order_logic,godels_incompleteness_theorems
proofs_in_first_order_logic,lobs_theorem
proofs_in_first_order_logic,representability_in_arithmetic
propositional_logic,boolean_algebras
propositional_logic,compactness_of_propositional_logic
propositional_logic,first_order_logic
propositional_logic,propositional_proofs
propositional_logic,propositional_resolution
propositional_logic,propositional_satisfiability
propositional_logic,semantics_of_first_order_logic
propositional_proofs,proofs_in_first_order_logic
propositional_proofs,propositional_resolution
propositional_resolution,first_order_resolution
propositional_satisfiability,dpll_procedure
propositional_satisfiability,np_completeness
propositional_satisfiability,propositional_resolution
propositional_satisfiability,reasoning_with_horn_clauses
random,conditional_independence
random-measures,dirichlet_process
random-variables,beta_distribution
random-variables,binomial_distribution
random-variables,conditional_distributions
random-variables,cumulative_distribution_function
random-variables,expectation_and_variance
random-variables,exponential_distribution
random-variables,gamma_distribution
random-variables,gaussian_distribution
random_variables,bayesian_networks
random_variables,hidden_markov_models
random_variables,independent_random_variables
random_variables,markov_and_chebyshev_inequalities
random_variables,markov_random_fields
random_variables,maximum_likelihood
random_variables,multivariate_cdf
random_variables,multivariate_distributions
random_variables,pdfs_of_functions_of_random_variables
random_variables,poisson_distribution
random_variables,statistical_hypothesis_testing
random_variables,sufficient_statistics
real_numbers,constructing_the_reals
recursion_theorem,interpretations_between_theories
recursion_theorem,semantics_of_first_order_logic
recursive_functions,church_turing_thesis
rejection-sampling,adaptive_rejection_sampling
representability_in_arithmetic,godel_numbering
representability_in_arithmetic,undefinability_of_truth
restricted_boltzmann_machines,deep_belief_networks
ridge-regression,kernel_ridge_regression
ridge-regression,kernel_trick
ridge-regression,lasso
ridge-regression,logistic_regression
ridge-regression,regularization
ridge-regression,ridge_regression_as_svd
ridge-regression,weight_decay_neural_networks
roots_of_polynomials,eigenvalues_and_eigenvectors
roots_of_polynomials,multiplicity_of_eigenvalues
russells_paradox,defining_the_cardinals
russells_paradox,zermelo_frankl_axioms
semantics_of_first_order_logic,compactness_of_first_order_logic
semantics_of_first_order_logic,completeness_of_first_order_logic
semantics_of_first_order_logic,godels_incompleteness_theorems
semantics_of_first_order_logic,interpretations_between_theories
semantics_of_first_order_logic,lobs_theorem
semantics_of_first_order_logic,lowenheim_skolem_theorems
semantics_of_first_order_logic,ultraproduct
semantics_of_first_order_logic,undefinability_of_truth
set_operations,boolean_algebras
set_operations,cardinality
set_operations,constructing_the_reals
set_operations,functions_and_relations_as_sets
set_operations,natural_numbers_as_sets
set_operations,ordinal_numbers
set_operations,russells_paradox
set_operations,ultrafilters
set_operations,well_orderings
set_operations,zermelo_frankl_axioms
sharp_p_completeness,complexity_of_inference
singular-value-decomposition,latent_semantic_analysis
singular-value-decomposition,principal_component_analysis
singular-value-decomposition,ridge_regression_as_svd
spectral-decomposition,principal_component_analysis
spectral-decomposition,singular_value_decomposition
spectral-decomposition,variational_characterization_of_eigenvalues
spectral_decomposition,kernel_pca
spectral_decomposition,positive_definite_matrices
statistical_hypothesis_testing,comparing_normal_populations
stochastic-gradient-descent,backpropagation
stochastic_gradient_descent,restricted_boltzmann_machines
structural_induction,recursion_theorem
structural_induction,ultraproduct
student-t-distribution,bayes_param_multivariate_gaussian
student-t-distribution,bayesian_parameter_estimation_gaussian
student-t-distribution,heavy_tailed_distributions
student_t_distribution,comparing_normal_populations
subspaces,bases
subspaces,column_space_and_nullspace
subspaces,four_fundamental_subspaces
subspaces,orthogonal_subspaces
subspaces,projection_onto_a_subspace
sum-product-on-trees,gaussian_bp_on_trees
sum-product-on-trees,hmm_inference_as_bp
sum-product-on-trees,junction_trees
sum-product-on-trees,loopy_belief_propagation
sum_product_on_trees,structured_mean_field
support-vector-machine,soft_margin_svm
support-vector-machine,support_vector_regression
support-vector-machine,svm_optimality_conditions
support-vector-machine,svm_vs_logistic_regression
surface_integrals,divergence_theorem
surface_integrals,stokes_theorem_three_dimensions
svm-optimality-conditions,kernel_svm
svm-optimality-conditions,sequential_minimal_optimization
svm-optimality-conditions,support_vector_regression
taylor-approximations,fisher_information
taylor_approximations,laplace_approximation
transformation-method,sampling_gaussian
turing_machines,church_turing_thesis
turing_machines,decidability
turing_machines,nondeterministic_turing_machines
turing_machines,register_machines
ultrafilters,ultraproduct
uninformative_priors,jeffreys_prior
unions_of_events,pac_learning
value_iteration,policy_iteration
variable-elimination,gaussian_variable_elimination
variable-elimination,junction_trees
variance,cramer_rao_bound
variational-bayes,variational_linear_regression
variational-bayes,variational_logistic_regression
variational-bayes,variational_mixture_of_gaussians
variational-inference,expectation_propagation
variational-inference,loopy_bp_as_variational
variational-inference,variational_inference_convex_duality
variational_bayes,variational_bayes_em
variational_characterization_of_eigenvalues,pca_proof
variational_inference,mean_field
vc-dimension,structural_risk_minimization
vector_fields,conservative_vector_fields
vector_fields,differential_forms
vector_fields,greens_theorem
vector_fields,line_integrals
vector_fields,surface_integrals
vector_spaces,change_of_basis
vector_spaces,inner_product
vectors,ANNOTATED_EXAMPLE
vectors,convex_functions
vectors,convex_sets
vectors,cross_product
vectors,determinant
vectors,dot_product
vectors,linear_systems_as_matrices
vectors,parametric_curves
vectors,subspaces
vectors,topology_of_rn
vectors,vector_fields
vectors,vector_spaces
viterbi-algorithm,hmm_inference_as_bp
weak_law_of_large_numbers,curse_of_dimensionality
weak_law_of_large_numbers,strong_law_of_large_numbers
weight-decay-neural-networks,soft_weight_sharing_neural_nets
well_ordering,zorns_lemma
well_orderings,ordinal_numbers
wishart-distribution,bayes_param_multivariate_gaussian
zermelo_frankl_axioms,axiom_of_choice
zermelo_frankl_axioms,incompleteness_of_set_theory
zermelo_frankl_axioms,lowenheim_skolem_theorems
zorns_lemma,ultrafilters
