tag,title
ANNOTATED_EXAMPLE,Annotated Example
ada_boost,AdaBoost
adaptive_rejection_sampling,adaptive rejection sampling
agglomerative_clustering,agglomerative clustering
akaike_information_criterion,Akaike information criterion
annealed_importance_sampling,annealed importance sampling
asymptotic_complexity,asymptotic complexity
asymptotics_of_maximum_likelihood,asymptotics of maximum likelihood
axiom_of_choice,Axiom of Choice
backpropagation,backpropagation
backpropagation_second_order,backpropagation for second-order methods
bagging,bagging
bases,bases
basis_function_expansions,basis function expansions
baum_welch_algorithm,Baum-Welch algorithm
bayes_ball,Bayes Ball
bayes_net_parameter_learning,Bayes net parameter learning
bayes_net_structure_learning,Bayes net structure learning
bayes_param_exp_fam,Bayesian parameter estimation in exponential families
bayes_param_multivariate_gaussian,Bayesian parameter estimation: multivariate Gaussians
bayes_rule,Bayes' rule
bayesian_decision_theory,Bayesian decision theory
bayesian_estimation_bayes_net_params,Bayesian estimation of Bayes net parameters
bayesian_information_criterion,Bayesian information criterion
bayesian_linear_regression,Bayesian linear regression
bayesian_logistic_regression,Bayesian logistic regression
bayesian_model_averaging,Bayesian model averaging
bayesian_model_comparison,Bayesian model comparison
bayesian_naive_bayes,Bayesian naive Bayes
bayesian_networks,Bayesian networks
bayesian_parameter_estimation,Bayesian parameter estimation
bayesian_parameter_estimation_gaussian,Bayesian parameter estimation: Gaussian distribution
bayesian_parameter_estimation_multinomial,Bayesian parameter estimation: multinomial distribution
bayesian_pca,Bayesian PCA
bellman_equations,Bellman equations
beta_distribution,beta distribution
beta_process,beta process
bias_variance_decomposition,bias-variance decomposition
binary_linear_classifiers,binary linear classifiers
binomial_distribution,binomial distribution
boltzmann_machines,Boltzmann machines
boolean_algebras,Boolean algebras
boosting_as_optimization,boosting as optimization
bootstrap,the bootstrap
brouwers_fixed_point_theorem,Brouwer's fixed point theorem
cardinality,cardinality
central_limit_theorem,Central Limit Theorem
chain_rule,Chain Rule
change_of_basis,change of basis
chernoff_bounds,Chernoff bounds
chinese_restaurant_franchise,Chinese restaurant franchise
chinese_restaurant_process,Chinese restaurant process
cholesky_decomposition,Cholesky decomposition
chow_liu_trees,Chow-Liu trees
church_turing_thesis,Church-Turing thesis
collapsed_gibbs_sampling,collapsed Gibbs sampling
column_space_and_nullspace,column space and nullspace
compactness_of_first_order_logic,compactness of first-order logic
compactness_of_propositional_logic,compactness of propositional logic
comparing_normal_populations,comparing normal populations
completeness_of_first_order_logic,completeness of first-order logic
complex_numbers,complex numbers
complex_vectors_and_matrices,complex vectors and matrices
complexity_of_inference,computational complexity of graphical model inference
computations_on_multivariate_gaussians,computations on multivariate Gaussians
computing_matrix_inverses,computing matrix inverses
computing_probabilities_by_counting,computing probabilities by counting
computing_the_nullspace,computing the nullspace
conditional_distributions,conditional distributions
conditional_expectation,conditional expectation
conditional_independence,conditional independence
conditional_probability,conditional probability
conditional_random_fields,conditional random fields
conservative_vector_fields,conservative vector fields
constructing_kernels,constructing kernels
constructing_the_integers,constructing the integers
constructing_the_rationals,constructing the rationals
constructing_the_reals,constructing the reals
converting_between_graphical_models,converting between graphical models
convex_functions,convex functions
convex_optimization,convex optimization
convex_sets,convex sets
convolutional_nets,convolutional neural nets
countable_sets,countable sets
covariance,covariance
covariance_matrices,covariance matrices
cramer_rao_bound,Cramer-Rao bound
cramers_rule,Cramer's rule
cross_product,cross product
cross_validation,cross validation
crp_clustering,CRP clustering
cumulative_distribution_function,cumulative distribution function
curse_of_dimensionality,the curse of dimensionality
d_separation,d-separation
decidability,decidability
decision_trees,decision trees
deep_belief_networks,deep belief networks
defining_the_cardinals,defining the cardinals
determinant,determinant
determinant_and_volume,determinant and volume
diagonalization,diagonalization
differential_entropy,differential entropy
differential_forms,differential forms
dirichlet_diffusion_trees,Dirichlet diffusion trees
dirichlet_distribution,Dirichlet distribution
dirichlet_process,Dirichlet process
divergence_theorem,Divergence Theorem
dot_product,dot product
dpll_procedure,DPLL procedure
early_stopping,early stopping
eigenvalues_and_eigenvectors,eigenvalues and eigenvectors
em_for_pca,EM algorithm for PCA
em_variational_interpretation,variational interpretation of EM
entropy,entropy
equivalence_relations,equivalence relations
eulers_formula,Euler's formula
eval_multi_int_change_of_variables,evaluating multiple integrals: change of variables
eval_multi_int_polar_coordinates,evaluating multiple integrals: polar coordinates
evidence_approximation,the evidence approximation
expectation_and_variance,expectation and variance
expectation_maximization,Expectation-Maximization algorithm
expectation_propagation,expectation propagation
expectimax_search,expectimax search
exponential_distribution,exponential distribution
exponential_families,exponential families
exterior_derivative,exterior derivative
f_measure,F measure
factor_analysis,factor analysis
factor_graphs,factor graphs
feed_forward_neural_nets,feed-forward neural nets
fields,fields
first_order_logic,first-order logic
first_order_resolution,first-order resolution
first_order_unification,first-order unification
fisher_information,Fisher information
fisher_information_matrix,Fisher information matrix
fisher_kernel,Fisher kernel
fishers_linear_discriminant,Fisher's linear discriminant
forward_backward_algorithm,forward-backward algorithm
four_fundamental_subspaces,four fundamental subspaces
functions_and_relations_as_sets,functions and relations as sets
functions_of_several_variables,functions of several variables
gamma_distribution,gamma distribution
gamma_function,gamma function
gaussian_bp_on_trees,Gaussian BP on trees
gaussian_discriminant_analysis,Gaussian discriminant analysis
gaussian_distribution,Gaussian distribution
gaussian_elimination,Gaussian elimination
gaussian_mixtures_vs_k_means,comparing Gaussian mixtures and k-means
gaussian_mrfs,Gaussian MRFs
gaussian_process_classification,Gaussian process classification
gaussian_process_regression,Gaussian process regression
gaussian_processes,Gaussian processes
gaussian_variable_elimination,Gaussian variable elimination
gaussian_variable_elimination_as_gaussian_elimination,Gaussian variable elimination as Gaussian elimination
generalization,generalization
generalized_linear_models,generalized linear models
generative_vs_discriminative,generative vs. discriminative models
gibbs_as_mh,Gibbs sampling as a special case of Metropolis-Hastings
gibbs_sampling,Gibbs sampling
godel_numbering,Godel numbering
godels_incompleteness_theorems,Godel's Incompleteness Theorems
gp_classification_laplace,GP classification with the Laplace approximation
gradient,gradient
gradient_descent,gradient descent
greens_theorem,Green's Theorem
hamiltonian_monte_carlo,Hamiltonian Monte Carlo
heavy_tailed_distributions,heavy-tailed distributions
hidden_markov_models,hidden Markov models
hierarchical_dirichlet_process,hierarchical Dirichlet process
higher_order_partial_derivatives,higher-order partial derivatives
hmm_inference_as_bp,HMM inference as belief propagation
hopfield_networks,Hopfield networks
ibp_linear_gaussian_model,IBP linear-Gaussian model
importance_sampling,importance sampling
incompleteness_of_set_theory,incompleteness of set theory
independent_component_analysis,independent component analysis
independent_events,independent events
independent_random_variables,independent random variables
indian_buffet_process,Indian buffet process
inference_in_mrfs,inference in MRFs
inner_product,inner product
interpretations_between_theories,interpretations between theories
isomap,Isomap
jeffreys_prior,Jeffreys prior
jensens_inequality,Jensen's inequality
junction_trees,junction trees
k_means,k-means
k_means_pp,k-means++
k_nearest_neighbors,K nearest neighbors
kalman_as_forward_backward,Kalman smoothing as forward-backward
kalman_filter,Kalman filter
kalman_filter_derivation,Kalman filter derivation
kalman_smoother,Kalman smoother
kernel_pca,kernel PCA
kernel_ridge_regression,kernel ridge regression
kernel_svm,kernel SVM
kernel_trick,the kernel trick
kkt_conditions,KKT conditions
kl_divergence,KL divergence
lagrange_duality,Langrange duality
lagrange_multipliers,Lagrange multipliers
laplace_approximation,the Laplace approximation
lasso,LASSO
latent_dirichlet_allocation,latent Dirichlet allocation
latent_semantic_analysis,latent semantic analysis
learning_bayes_nets_missing_data,learning Bayes net parameters with missing data
learning_gp_hyperparameters,learning GP hyperparameters
learning_invariances_in_neural_nets,learning invariances in neural nets
learning_linear_dynamical_systems,learning linear dynamical systems
limits_and_continuity_in_rn,limits and continuity in R^n
line_integrals,line integrals
linear_approximation,linear approximation
linear_dynamical_systems,linear dynamical systems
linear_gaussian_models,linear-Gaussian models
linear_least_squares,linear least squares
linear_regression,linear regression
linear_regression_as_maximum_likelihood,linear regression as maximum likelihood
linear_regression_closed_form,linear regression: closed-form solution
linear_regression_multiple_outputs,linear regression with multiple outputs
linear_systems_as_matrices,linear systems as matrices
linear_transformations_as_matrices,linear transformations as matrices
lobs_theorem,Lob's Theorem
log_linear_mrfs,log-linear MRFs
logistic_regression,logistic regression
logistic_regression_irls,fitting logistic regression with iterative reweighted least squares
loopy_belief_propagation,loopy belief propagation
loopy_bp_as_variational,loopy BP as variational inference
loss_function,loss function
lowenheim_skolem_theorems,Lowenheim-Skolem theorems
lu_factorization,LU factorization
map_parameter_estimation,MAP parameter estimation
markov_and_chebyshev_inequalities,Markov and Chebyshev inequalities
markov_chain_monte_carlo,Markov chain Monte Carlo
markov_chains,Markov chains
markov_decision_process,Markov decision process (MDP)
markov_models,Markov models
markov_random_fields,Markov random fields
matrix_inverse,matrix inverse
matrix_multiplication,matrix multiplication
matrix_transpose,matrix transpose
max_product_on_trees,max-product on trees
maximum_likelihood,maximum likelihood
maximum_likelihood_in_exponential_families,maximum likelihood in exponential families
maximum_likelihood_multivariate_gaussians,maximum likelihood: multivariate Gaussians
mcmc_convergence,MCMC convergence
mean_field,mean field approximation
method_of_moments,method of moments
metropolis_hastings,Metropolis-Hastings algorithm
mixture_of_bernoullis,mixture of Bernoullis
mixture_of_gaussians,mixture of Gaussians models
moment_generating_functions,moment generating functions
monte_carlo_estimation,Monte Carlo estimation
mrf_parameter_learning,MRF parameter learning
multidimensional_scaling,multidimensional scaling
multinomial_coefficients,multinomial coefficients
multinomial_distribution,multinomial distribution
multinomial_logistic_regression,multinomial logistic regression
multiple_integrals,multiple integrals
multiplicity_of_eigenvalues,multiplicity of eigenvalues
multivariate_cdf,multivariate CDF
multivariate_distributions,multivariate distributions
multivariate_gaussian_distribution,multivariate Gaussian distribution
multivariate_gaussians_information_form,information form for multivariate Gaussians
mutual_information,mutual information
naive_bayes,naive Bayes
natural_numbers_as_sets,natural numbers as sets
nondeterministic_turing_machines,nondeterministic Turing machines
nonnegative_matrix_factorization,nonnegative matrix factorization
nonparametric_density_estimation,nonparametric density estimation
np_completeness,NP-completeness
np_complexity_class,NP complexity class
optimization_problems,optimization problems
order_relations,order relations
ordinal_numbers,ordinal numbers
orthogonal_subspaces,orthogonal subspaces
orthonormal_bases,orthonormal bases
pac_learning,PAC learning
parameterizing_lines_and_planes,parameterizing lines and planes
parametric_curves,parametric curves
parametric_surfaces,parametric surfaces
partial_derivatives,partial derivatives
particle_filter,particle filter
pca_proof,principal component analysis (proof)
pdfs_of_functions_of_random_variables,PDFs of functions of random variables
peano_axioms,Peano axioms
perceptron,perceptron algorithm
pitman_yor_process,Pitman-Yor process
poisson_distribution,Poisson distribution
policy_iteration,policy iteration
positive_definite_matrices,positive definite matrices
precision_recall,precision and recall
principal_component_analysis,principal component analysis
probabilistic_lsa,probabilistic Latent Semantic Analysis
probabilistic_matrix_factorization,probabilistic matrix factorization
probabilistic_pca,probabilistic PCA
probability,probability
probit_function,probit function
probit_regression,probit regression
projection_onto_a_subspace,projection onto a subspace
proofs_in_first_order_logic,proofs in first-order logic
propositional_logic,propositional logic
propositional_proofs,propositional proofs
propositional_resolution,propositional resolution
propositional_satisfiability,propositional satisfiability
pullback,pullback
qr_decomposition,QR decomposition
random_forests,random forests
random_variables,random variables
real_numbers,real numbers
reasoning_with_horn_clauses,reasoning with Horn clauses
recurrent_neural_networks,recurrent neural networks
recursion_theorem,recursion theorem
recursive_functions,recursive functions
register_machines,register machines
regularization,regularization
rejection_sampling,rejection sampling
representability_in_arithmetic,representability in arithmetic
restricted_boltzmann_machines,restricted Boltzmann machines
reversible_jump_mcmc,reversible jump MCMC
ridge_regression,ridge regression
ridge_regression_as_svd,ridge regression as SVD
riemann_integral,Riemann integral
roots_of_polynomials,roots of polynomials
russells_paradox,Russell's Paradox
sampling_gaussian,sampling from a Gaussian
schur_product_theorem,Schur product theorem
second_derivative_test,second derivative test
semantics_of_first_order_logic,semantics of first-order logic
sequential_minimal_optimization,sequential minimal optimization
sequential_monte_carlo,sequential Monte Carlo
set_operations,set operations
singular_value_decomposition,singular value decomposition
slice_sampling,slice sampling
soft_margin_svm,soft margin SVM
soft_weight_sharing_neural_nets,soft weight sharing in neural nets
solution_sets_of_linear_systems,solution sets of linear systems
solving_difference_equations_with_matrices,solving difference equations with matrices
sparse_coding,sparse coding
spectral_decomposition,spectral decomposition
statistical_hypothesis_testing,statistical hypothesis testing
stochastic_gradient_descent,stochastic gradient descent
stokes_theorem_three_dimensions,Stokes' Theorem (three dimensions)
strong_law_of_large_numbers,strong law of large numbers
structural_induction,structural induction
structural_risk_minimization,structural risk minimization
structured_mean_field,structured mean field
student_t_distribution,Student-t distribution
subspaces,subspaces
sufficient_statistics,sufficient statistics
sum_product_on_trees,sum-product on trees
support_vector_machine,the support vector machine
support_vector_regression,support vector regression
surface_integrals,surface integrals
svm_optimality_conditions,SVM optimality conditions
svm_vs_logistic_regression,SVM vs. logistic regression
swedsen_wang,Swedsen-Wang algorithm
tangent_propagation,tangent propagation
taylor_approximations,Taylor approximations
tikhonov_regularization,Tikhonov regularization
topology_of_rn,topology of R^n
transformation_method,transformation method
turing_machines,Turing machines
ultrafilters,ultrafilters
ultraproduct,ultraproduct
undefinability_of_truth,undefinability of truth
uninformative_priors,uninformative priors
unions_of_events,unions of events
unitary_matrices,unitary matrices
unsupervised_pre_training,unsupervised pre-training
value_iteration,value iteration
variable_elimination,variable elimination
variational_bayes,variational Bayes
variational_bayes_em,variational Bayes EM
variational_characterization_of_eigenvalues,variational characterization of eigenvalues
variational_exponential_family,variational inference and exponential families
variational_inference,variational inference
variational_inference_convex_duality,variational inference and convex duality
variational_linear_regression,variational linear regression
variational_logistic_regression,variational logistic regression
variational_mixture_of_gaussians,variational mixture of Gaussians
vc_dimension,VC dimension
vector_fields,vector fields
vector_spaces,vector spaces
vectors,vectors
viterbi_algorithm,Viterbi algorithm
von_mises_distribution,von Mises distribution
weak_law_of_large_numbers,weak law of large numbers
weight_decay_neural_networks,weight decay in neural networks
well_orderings,well orderings
wishart_distribution,Wishart distribution
zermelo_frankl_axioms,Zermelo-Frankl axioms
zorns_lemma,Zorn's Lemma
